CREATE DATABASE  IF NOT EXISTS `sad_boys` /*!40100 DEFAULT CHARACTER SET latin1 */;
USE `sad_boys`;
-- MySQL dump 10.13  Distrib 5.7.17, for Win64 (x86_64)
--
-- Host: localhost    Database: sad_boys
-- ------------------------------------------------------
-- Server version	5.7.19

/*!40101 SET @OLD_CHARACTER_SET_CLIENT=@@CHARACTER_SET_CLIENT */;
/*!40101 SET @OLD_CHARACTER_SET_RESULTS=@@CHARACTER_SET_RESULTS */;
/*!40101 SET @OLD_COLLATION_CONNECTION=@@COLLATION_CONNECTION */;
/*!40101 SET NAMES utf8 */;
/*!40103 SET @OLD_TIME_ZONE=@@TIME_ZONE */;
/*!40103 SET TIME_ZONE='+00:00' */;
/*!40014 SET @OLD_UNIQUE_CHECKS=@@UNIQUE_CHECKS, UNIQUE_CHECKS=0 */;
/*!40014 SET @OLD_FOREIGN_KEY_CHECKS=@@FOREIGN_KEY_CHECKS, FOREIGN_KEY_CHECKS=0 */;
/*!40101 SET @OLD_SQL_MODE=@@SQL_MODE, SQL_MODE='NO_AUTO_VALUE_ON_ZERO' */;
/*!40111 SET @OLD_SQL_NOTES=@@SQL_NOTES, SQL_NOTES=0 */;

--
-- Table structure for table `agrupamento`
--

DROP TABLE IF EXISTS `agrupamento`;
/*!40101 SET @saved_cs_client     = @@character_set_client */;
/*!40101 SET character_set_client = utf8 */;
CREATE TABLE `agrupamento` (
  `CD_AGRUPAMENTO` int(11) NOT NULL AUTO_INCREMENT,
  `RA_LIDER` int(11) NOT NULL,
  `QTD_GRUPO` int(11) DEFAULT NULL,
  `PONTUACAO` int(11) DEFAULT NULL,
  `CD_GAB` int(11) DEFAULT NULL,
  PRIMARY KEY (`CD_AGRUPAMENTO`)
) ENGINE=MyISAM AUTO_INCREMENT=3 DEFAULT CHARSET=latin1;
/*!40101 SET character_set_client = @saved_cs_client */;

--
-- Dumping data for table `agrupamento`
--

LOCK TABLES `agrupamento` WRITE;
/*!40000 ALTER TABLE `agrupamento` DISABLE KEYS */;
INSERT INTO `agrupamento` VALUES (1,132,0,45,NULL),(2,132,NULL,NULL,NULL);
/*!40000 ALTER TABLE `agrupamento` ENABLE KEYS */;
UNLOCK TABLES;

--
-- Table structure for table `alunos`
--

DROP TABLE IF EXISTS `alunos`;
/*!40101 SET @saved_cs_client     = @@character_set_client */;
/*!40101 SET character_set_client = utf8 */;
CREATE TABLE `alunos` (
  `RA_ALUNOS` int(11) NOT NULL,
  `NM_ALUNOS` varchar(255) DEFAULT NULL,
  `CD_GRUPO` int(11) DEFAULT NULL,
  PRIMARY KEY (`RA_ALUNOS`)
) ENGINE=MyISAM DEFAULT CHARSET=latin1;
/*!40101 SET character_set_client = @saved_cs_client */;

--
-- Dumping data for table `alunos`
--

LOCK TABLES `alunos` WRITE;
/*!40000 ALTER TABLE `alunos` DISABLE KEYS */;
INSERT INTO `alunos` VALUES (12345,'bla',1),(123451,'bla',1),(12351,'bla',1),(2351,'bla',2),(92351,'bla',2),(82351,'bla',2);
/*!40000 ALTER TABLE `alunos` ENABLE KEYS */;
UNLOCK TABLES;

--
-- Table structure for table `gabarito`
--

DROP TABLE IF EXISTS `gabarito`;
/*!40101 SET @saved_cs_client     = @@character_set_client */;
/*!40101 SET character_set_client = utf8 */;
CREATE TABLE `gabarito` (
  `CD_GAB` int(11) NOT NULL AUTO_INCREMENT,
  `RESP_01` int(11) DEFAULT NULL,
  `RESP_02` int(11) DEFAULT NULL,
  `RESP_03` int(11) DEFAULT NULL,
  `RESP_04` int(11) DEFAULT NULL,
  `RESP_05` int(11) DEFAULT NULL,
  `RESP_06` int(11) DEFAULT NULL,
  `RESP_07` int(11) DEFAULT NULL,
  `RESP_08` int(11) DEFAULT NULL,
  `RESP_09` int(11) DEFAULT NULL,
  `RESP_10` int(11) DEFAULT NULL,
  `RESP_11` int(11) DEFAULT NULL,
  `RESP_12` int(11) DEFAULT NULL,
  `RESP_13` int(11) DEFAULT NULL,
  `RESP_14` int(11) DEFAULT NULL,
  `RESP_15` int(11) DEFAULT NULL,
  `RESP_16` int(11) DEFAULT NULL,
  `RESP_17` int(11) DEFAULT NULL,
  `RESP_18` int(11) DEFAULT NULL,
  `RESP_19` int(11) DEFAULT NULL,
  `RESP_20` int(11) DEFAULT NULL,
  PRIMARY KEY (`CD_GAB`)
) ENGINE=MyISAM AUTO_INCREMENT=119 DEFAULT CHARSET=latin1;
/*!40101 SET character_set_client = @saved_cs_client */;

--
-- Dumping data for table `gabarito`
--

LOCK TABLES `gabarito` WRITE;
/*!40000 ALTER TABLE `gabarito` DISABLE KEYS */;
INSERT INTO `gabarito` VALUES (1,NULL,NULL,NULL,NULL,NULL,NULL,NULL,NULL,NULL,NULL,NULL,NULL,NULL,NULL,NULL,NULL,NULL,NULL,NULL,NULL),(2,NULL,NULL,NULL,NULL,NULL,NULL,NULL,NULL,NULL,NULL,NULL,NULL,NULL,NULL,NULL,NULL,NULL,NULL,NULL,NULL),(3,NULL,NULL,NULL,NULL,NULL,NULL,NULL,NULL,NULL,NULL,NULL,NULL,NULL,NULL,NULL,NULL,NULL,NULL,NULL,NULL),(4,NULL,NULL,NULL,NULL,NULL,NULL,NULL,NULL,NULL,NULL,NULL,NULL,NULL,NULL,NULL,NULL,NULL,NULL,NULL,NULL),(5,NULL,NULL,NULL,NULL,NULL,NULL,NULL,NULL,NULL,NULL,NULL,NULL,NULL,NULL,NULL,NULL,NULL,NULL,NULL,NULL),(6,NULL,NULL,NULL,NULL,NULL,NULL,NULL,NULL,NULL,NULL,NULL,NULL,NULL,NULL,NULL,NULL,NULL,NULL,NULL,NULL),(7,NULL,NULL,NULL,NULL,NULL,NULL,NULL,NULL,NULL,NULL,NULL,NULL,NULL,NULL,NULL,NULL,NULL,NULL,NULL,NULL),(8,NULL,NULL,NULL,NULL,NULL,NULL,NULL,NULL,NULL,NULL,NULL,NULL,NULL,NULL,NULL,NULL,NULL,NULL,NULL,NULL),(9,NULL,NULL,NULL,NULL,NULL,NULL,NULL,NULL,NULL,NULL,NULL,NULL,NULL,NULL,NULL,NULL,NULL,NULL,NULL,NULL),(10,NULL,NULL,NULL,NULL,NULL,NULL,NULL,NULL,NULL,NULL,NULL,NULL,NULL,NULL,NULL,NULL,NULL,NULL,NULL,NULL),(11,NULL,NULL,NULL,NULL,NULL,NULL,NULL,NULL,NULL,NULL,NULL,NULL,NULL,NULL,NULL,NULL,NULL,NULL,NULL,NULL),(12,NULL,NULL,NULL,NULL,NULL,NULL,NULL,NULL,NULL,NULL,NULL,NULL,NULL,NULL,NULL,NULL,NULL,NULL,NULL,NULL),(13,NULL,NULL,NULL,NULL,NULL,NULL,NULL,NULL,NULL,NULL,NULL,NULL,NULL,NULL,NULL,NULL,NULL,NULL,NULL,NULL),(14,NULL,NULL,NULL,NULL,NULL,NULL,NULL,NULL,NULL,NULL,NULL,NULL,NULL,NULL,NULL,NULL,NULL,NULL,NULL,NULL),(15,NULL,NULL,NULL,NULL,NULL,NULL,NULL,NULL,NULL,NULL,NULL,NULL,NULL,NULL,NULL,NULL,NULL,NULL,NULL,NULL),(16,NULL,NULL,NULL,NULL,NULL,NULL,NULL,NULL,NULL,NULL,NULL,NULL,NULL,NULL,NULL,NULL,NULL,NULL,NULL,NULL),(17,NULL,NULL,NULL,NULL,NULL,NULL,NULL,NULL,NULL,NULL,NULL,NULL,NULL,NULL,NULL,NULL,NULL,NULL,NULL,NULL),(18,NULL,NULL,NULL,NULL,NULL,NULL,NULL,NULL,NULL,NULL,NULL,NULL,NULL,NULL,NULL,NULL,NULL,NULL,NULL,NULL),(19,NULL,NULL,NULL,NULL,NULL,NULL,NULL,NULL,NULL,NULL,NULL,NULL,NULL,NULL,NULL,NULL,NULL,NULL,NULL,NULL),(20,NULL,NULL,NULL,NULL,NULL,NULL,NULL,NULL,NULL,NULL,NULL,NULL,NULL,NULL,NULL,NULL,NULL,NULL,NULL,NULL),(21,NULL,NULL,NULL,NULL,NULL,NULL,NULL,NULL,NULL,NULL,NULL,NULL,NULL,NULL,NULL,NULL,NULL,NULL,NULL,NULL),(22,NULL,NULL,NULL,NULL,NULL,NULL,NULL,NULL,NULL,NULL,NULL,NULL,NULL,NULL,NULL,NULL,NULL,NULL,NULL,NULL),(23,NULL,NULL,NULL,NULL,NULL,NULL,NULL,NULL,NULL,NULL,NULL,NULL,NULL,NULL,NULL,NULL,NULL,NULL,NULL,NULL),(24,NULL,NULL,NULL,NULL,NULL,NULL,NULL,NULL,NULL,NULL,NULL,NULL,NULL,NULL,NULL,NULL,NULL,NULL,NULL,NULL),(25,NULL,NULL,NULL,NULL,NULL,NULL,NULL,NULL,NULL,NULL,NULL,NULL,NULL,NULL,NULL,NULL,NULL,NULL,NULL,NULL),(26,NULL,NULL,NULL,NULL,NULL,NULL,NULL,NULL,NULL,NULL,NULL,NULL,NULL,NULL,NULL,NULL,NULL,NULL,NULL,NULL),(27,NULL,NULL,NULL,NULL,NULL,NULL,NULL,NULL,NULL,NULL,NULL,NULL,NULL,NULL,NULL,NULL,NULL,NULL,NULL,NULL),(28,NULL,NULL,NULL,NULL,NULL,NULL,NULL,NULL,NULL,NULL,NULL,NULL,NULL,NULL,NULL,NULL,NULL,NULL,NULL,NULL),(29,NULL,NULL,NULL,NULL,NULL,NULL,NULL,NULL,NULL,NULL,NULL,NULL,NULL,NULL,NULL,NULL,NULL,NULL,NULL,NULL),(30,NULL,NULL,NULL,NULL,NULL,NULL,NULL,NULL,NULL,NULL,NULL,NULL,NULL,NULL,NULL,NULL,NULL,NULL,NULL,NULL),(31,NULL,NULL,NULL,NULL,NULL,NULL,NULL,NULL,NULL,NULL,NULL,NULL,NULL,NULL,NULL,NULL,NULL,NULL,NULL,NULL),(32,NULL,NULL,NULL,NULL,NULL,NULL,NULL,NULL,NULL,NULL,NULL,NULL,NULL,NULL,NULL,NULL,NULL,NULL,NULL,NULL),(33,NULL,NULL,NULL,NULL,NULL,NULL,NULL,NULL,NULL,NULL,NULL,NULL,NULL,NULL,NULL,NULL,NULL,NULL,NULL,NULL),(34,NULL,NULL,NULL,NULL,NULL,NULL,NULL,NULL,NULL,NULL,NULL,NULL,NULL,NULL,NULL,NULL,NULL,NULL,NULL,NULL),(35,NULL,NULL,NULL,NULL,NULL,NULL,NULL,NULL,NULL,NULL,NULL,NULL,NULL,NULL,NULL,NULL,NULL,NULL,NULL,NULL),(36,NULL,NULL,NULL,NULL,NULL,NULL,NULL,NULL,NULL,NULL,NULL,NULL,NULL,NULL,NULL,NULL,NULL,NULL,NULL,NULL),(37,NULL,NULL,NULL,NULL,NULL,NULL,NULL,NULL,NULL,NULL,NULL,NULL,NULL,NULL,NULL,NULL,NULL,NULL,NULL,NULL),(38,NULL,NULL,NULL,NULL,NULL,NULL,NULL,NULL,NULL,NULL,NULL,NULL,NULL,NULL,NULL,NULL,NULL,NULL,NULL,NULL),(39,NULL,NULL,NULL,NULL,NULL,NULL,NULL,NULL,NULL,NULL,NULL,NULL,NULL,NULL,NULL,NULL,NULL,NULL,NULL,NULL),(40,NULL,NULL,NULL,NULL,NULL,NULL,NULL,NULL,NULL,NULL,NULL,NULL,NULL,NULL,NULL,NULL,NULL,NULL,NULL,NULL),(41,NULL,NULL,NULL,NULL,NULL,NULL,NULL,NULL,NULL,NULL,NULL,NULL,NULL,NULL,NULL,NULL,NULL,NULL,NULL,NULL),(42,NULL,NULL,NULL,NULL,NULL,NULL,NULL,NULL,NULL,NULL,NULL,NULL,NULL,NULL,NULL,NULL,NULL,NULL,NULL,NULL),(43,NULL,NULL,NULL,NULL,NULL,NULL,NULL,NULL,NULL,NULL,NULL,NULL,NULL,NULL,NULL,NULL,NULL,NULL,NULL,NULL),(44,NULL,NULL,NULL,NULL,NULL,NULL,NULL,NULL,NULL,NULL,NULL,NULL,NULL,NULL,NULL,NULL,NULL,NULL,NULL,NULL),(45,NULL,NULL,NULL,NULL,NULL,NULL,NULL,NULL,NULL,NULL,NULL,NULL,NULL,NULL,NULL,NULL,NULL,NULL,NULL,NULL),(46,NULL,NULL,NULL,NULL,NULL,NULL,NULL,NULL,NULL,NULL,NULL,NULL,NULL,NULL,NULL,NULL,NULL,NULL,NULL,NULL),(47,NULL,NULL,NULL,NULL,NULL,NULL,NULL,NULL,NULL,NULL,NULL,NULL,NULL,NULL,NULL,NULL,NULL,NULL,NULL,NULL),(48,NULL,NULL,NULL,NULL,NULL,NULL,NULL,NULL,NULL,NULL,NULL,NULL,NULL,NULL,NULL,NULL,NULL,NULL,NULL,NULL),(49,NULL,NULL,NULL,NULL,NULL,NULL,NULL,NULL,NULL,NULL,NULL,NULL,NULL,NULL,NULL,NULL,NULL,NULL,NULL,NULL),(50,NULL,NULL,NULL,NULL,NULL,NULL,NULL,NULL,NULL,NULL,NULL,NULL,NULL,NULL,NULL,NULL,NULL,NULL,NULL,NULL),(51,NULL,NULL,NULL,NULL,NULL,NULL,NULL,NULL,NULL,NULL,NULL,NULL,NULL,NULL,NULL,NULL,NULL,NULL,NULL,NULL),(52,NULL,NULL,NULL,NULL,NULL,NULL,NULL,NULL,NULL,NULL,NULL,NULL,NULL,NULL,NULL,NULL,NULL,NULL,NULL,NULL),(53,NULL,NULL,NULL,NULL,NULL,NULL,NULL,NULL,NULL,NULL,NULL,NULL,NULL,NULL,NULL,NULL,NULL,NULL,NULL,NULL),(54,NULL,NULL,NULL,NULL,NULL,NULL,NULL,NULL,NULL,NULL,NULL,NULL,NULL,NULL,NULL,NULL,NULL,NULL,NULL,NULL),(55,NULL,NULL,NULL,NULL,NULL,NULL,NULL,NULL,NULL,NULL,NULL,NULL,NULL,NULL,NULL,NULL,NULL,NULL,NULL,NULL),(56,NULL,NULL,NULL,NULL,NULL,NULL,NULL,NULL,NULL,NULL,NULL,NULL,NULL,NULL,NULL,NULL,NULL,NULL,NULL,NULL),(57,NULL,NULL,NULL,NULL,NULL,NULL,NULL,NULL,NULL,NULL,NULL,NULL,NULL,NULL,NULL,NULL,NULL,NULL,NULL,NULL),(58,NULL,NULL,NULL,NULL,NULL,NULL,NULL,NULL,NULL,NULL,NULL,NULL,NULL,NULL,NULL,NULL,NULL,NULL,NULL,NULL),(59,NULL,NULL,NULL,NULL,NULL,NULL,NULL,NULL,NULL,NULL,NULL,NULL,NULL,NULL,NULL,NULL,NULL,NULL,NULL,NULL),(60,NULL,NULL,NULL,NULL,NULL,NULL,NULL,NULL,NULL,NULL,NULL,NULL,NULL,NULL,NULL,NULL,NULL,NULL,NULL,NULL),(61,NULL,NULL,NULL,NULL,NULL,NULL,NULL,NULL,NULL,NULL,NULL,NULL,NULL,NULL,NULL,NULL,NULL,NULL,NULL,NULL),(62,NULL,NULL,NULL,NULL,NULL,NULL,NULL,NULL,NULL,NULL,NULL,NULL,NULL,NULL,NULL,NULL,NULL,NULL,NULL,NULL),(63,NULL,NULL,NULL,NULL,NULL,NULL,NULL,NULL,NULL,NULL,NULL,NULL,NULL,NULL,NULL,NULL,NULL,NULL,NULL,NULL),(64,NULL,NULL,NULL,NULL,NULL,NULL,NULL,NULL,NULL,NULL,NULL,NULL,NULL,NULL,NULL,NULL,NULL,NULL,NULL,NULL),(65,NULL,NULL,NULL,NULL,NULL,NULL,NULL,NULL,NULL,NULL,NULL,NULL,NULL,NULL,NULL,NULL,NULL,NULL,NULL,NULL),(66,NULL,NULL,NULL,NULL,NULL,NULL,NULL,NULL,NULL,NULL,NULL,NULL,NULL,NULL,NULL,NULL,NULL,NULL,NULL,NULL),(67,NULL,NULL,NULL,NULL,NULL,NULL,NULL,NULL,NULL,NULL,NULL,NULL,NULL,NULL,NULL,NULL,NULL,NULL,NULL,NULL),(68,NULL,NULL,NULL,NULL,NULL,NULL,NULL,NULL,NULL,NULL,NULL,NULL,NULL,NULL,NULL,NULL,NULL,NULL,NULL,NULL),(69,NULL,NULL,NULL,NULL,NULL,NULL,NULL,NULL,NULL,NULL,NULL,NULL,NULL,NULL,NULL,NULL,NULL,NULL,NULL,NULL),(70,NULL,NULL,NULL,NULL,NULL,NULL,NULL,NULL,NULL,NULL,NULL,NULL,NULL,NULL,NULL,NULL,NULL,NULL,NULL,NULL),(71,NULL,NULL,NULL,NULL,NULL,NULL,NULL,NULL,NULL,NULL,NULL,NULL,NULL,NULL,NULL,NULL,NULL,NULL,NULL,NULL),(72,NULL,NULL,NULL,NULL,NULL,NULL,NULL,NULL,NULL,NULL,NULL,NULL,NULL,NULL,NULL,NULL,NULL,NULL,NULL,NULL),(73,NULL,NULL,NULL,NULL,NULL,NULL,NULL,NULL,NULL,NULL,NULL,NULL,NULL,NULL,NULL,NULL,NULL,NULL,NULL,NULL),(74,NULL,NULL,NULL,NULL,NULL,NULL,NULL,NULL,NULL,NULL,NULL,NULL,NULL,NULL,NULL,NULL,NULL,NULL,NULL,NULL),(75,NULL,NULL,NULL,NULL,NULL,NULL,NULL,NULL,NULL,NULL,NULL,NULL,NULL,NULL,NULL,NULL,NULL,NULL,NULL,NULL),(76,NULL,NULL,NULL,NULL,NULL,NULL,NULL,NULL,NULL,NULL,NULL,NULL,NULL,NULL,NULL,NULL,NULL,NULL,NULL,NULL),(77,NULL,NULL,NULL,NULL,NULL,NULL,NULL,NULL,NULL,NULL,NULL,NULL,NULL,NULL,NULL,NULL,NULL,NULL,NULL,NULL),(78,NULL,NULL,NULL,NULL,NULL,NULL,NULL,NULL,NULL,NULL,NULL,NULL,NULL,NULL,NULL,NULL,NULL,NULL,NULL,NULL),(79,3,5,NULL,NULL,NULL,NULL,NULL,NULL,NULL,NULL,NULL,NULL,NULL,NULL,NULL,NULL,NULL,NULL,NULL,NULL),(80,NULL,NULL,NULL,NULL,NULL,NULL,NULL,NULL,NULL,NULL,NULL,NULL,NULL,NULL,NULL,NULL,NULL,NULL,NULL,NULL),(81,3,NULL,NULL,NULL,NULL,NULL,NULL,NULL,NULL,NULL,NULL,NULL,NULL,NULL,NULL,NULL,NULL,NULL,NULL,NULL),(82,NULL,NULL,NULL,NULL,NULL,NULL,NULL,NULL,NULL,NULL,NULL,NULL,NULL,NULL,NULL,NULL,NULL,NULL,NULL,NULL),(83,3,NULL,NULL,NULL,NULL,NULL,NULL,NULL,NULL,NULL,NULL,NULL,NULL,NULL,NULL,NULL,NULL,NULL,NULL,NULL),(84,NULL,NULL,NULL,NULL,NULL,NULL,NULL,NULL,NULL,NULL,NULL,NULL,NULL,NULL,NULL,NULL,NULL,NULL,NULL,NULL),(85,3,1,5,1,NULL,NULL,NULL,NULL,NULL,NULL,NULL,NULL,NULL,NULL,NULL,NULL,NULL,NULL,NULL,NULL),(86,NULL,NULL,NULL,NULL,NULL,NULL,NULL,NULL,NULL,NULL,NULL,NULL,NULL,NULL,NULL,NULL,NULL,NULL,NULL,NULL),(87,NULL,NULL,NULL,NULL,NULL,NULL,NULL,NULL,NULL,NULL,NULL,NULL,NULL,NULL,NULL,NULL,NULL,NULL,NULL,NULL),(88,NULL,NULL,NULL,NULL,NULL,NULL,NULL,NULL,NULL,NULL,NULL,NULL,NULL,NULL,NULL,NULL,NULL,NULL,NULL,NULL),(89,NULL,NULL,NULL,NULL,NULL,NULL,NULL,NULL,NULL,NULL,NULL,NULL,NULL,NULL,NULL,NULL,NULL,NULL,NULL,NULL),(90,NULL,NULL,NULL,NULL,NULL,NULL,NULL,NULL,NULL,NULL,NULL,NULL,NULL,NULL,NULL,NULL,NULL,NULL,NULL,NULL),(91,NULL,NULL,NULL,NULL,NULL,NULL,NULL,NULL,NULL,NULL,NULL,NULL,NULL,NULL,NULL,NULL,NULL,NULL,NULL,NULL),(92,NULL,NULL,NULL,NULL,NULL,NULL,NULL,NULL,NULL,NULL,NULL,NULL,NULL,NULL,NULL,NULL,NULL,NULL,NULL,NULL),(93,NULL,NULL,NULL,NULL,NULL,NULL,NULL,NULL,NULL,NULL,NULL,NULL,NULL,NULL,NULL,NULL,NULL,NULL,NULL,NULL),(94,NULL,NULL,NULL,NULL,NULL,NULL,NULL,NULL,NULL,NULL,NULL,NULL,NULL,NULL,NULL,NULL,NULL,NULL,NULL,NULL),(95,NULL,NULL,NULL,NULL,NULL,NULL,NULL,NULL,NULL,NULL,NULL,NULL,NULL,NULL,NULL,NULL,NULL,NULL,NULL,NULL),(96,NULL,NULL,NULL,NULL,NULL,NULL,NULL,NULL,NULL,NULL,NULL,NULL,NULL,NULL,NULL,NULL,NULL,NULL,NULL,NULL),(97,NULL,NULL,NULL,NULL,NULL,NULL,NULL,NULL,NULL,NULL,NULL,NULL,NULL,NULL,NULL,NULL,NULL,NULL,NULL,NULL),(98,NULL,NULL,NULL,NULL,NULL,NULL,NULL,NULL,NULL,NULL,NULL,NULL,NULL,NULL,NULL,NULL,NULL,NULL,NULL,NULL),(99,NULL,NULL,NULL,NULL,NULL,NULL,NULL,NULL,NULL,NULL,NULL,NULL,NULL,NULL,NULL,NULL,NULL,NULL,NULL,NULL),(100,NULL,NULL,NULL,NULL,NULL,NULL,NULL,NULL,NULL,NULL,NULL,NULL,NULL,NULL,NULL,NULL,NULL,NULL,NULL,NULL),(101,NULL,NULL,NULL,NULL,NULL,NULL,NULL,NULL,NULL,NULL,NULL,NULL,NULL,NULL,NULL,NULL,NULL,NULL,NULL,NULL),(102,3,NULL,NULL,NULL,NULL,NULL,NULL,NULL,NULL,NULL,NULL,NULL,NULL,NULL,NULL,NULL,NULL,NULL,NULL,NULL),(103,NULL,NULL,NULL,NULL,NULL,NULL,NULL,NULL,NULL,NULL,NULL,NULL,NULL,NULL,NULL,NULL,NULL,NULL,NULL,NULL),(104,3,1,NULL,NULL,NULL,NULL,NULL,NULL,NULL,NULL,NULL,NULL,NULL,NULL,NULL,NULL,NULL,NULL,NULL,NULL),(105,1,1,1,1,NULL,NULL,NULL,NULL,NULL,NULL,NULL,NULL,NULL,NULL,NULL,NULL,NULL,NULL,NULL,NULL),(106,3,NULL,NULL,NULL,NULL,NULL,NULL,NULL,NULL,NULL,NULL,NULL,NULL,NULL,NULL,NULL,NULL,NULL,NULL,NULL),(107,NULL,NULL,NULL,NULL,NULL,NULL,NULL,NULL,NULL,NULL,NULL,NULL,NULL,NULL,NULL,NULL,NULL,NULL,NULL,NULL),(108,NULL,NULL,NULL,NULL,NULL,NULL,NULL,NULL,NULL,NULL,NULL,NULL,NULL,NULL,NULL,NULL,NULL,NULL,NULL,NULL),(109,3,4,2,2,NULL,NULL,NULL,NULL,NULL,NULL,NULL,NULL,NULL,NULL,NULL,NULL,NULL,NULL,NULL,NULL),(110,3,2,NULL,NULL,NULL,NULL,NULL,NULL,NULL,NULL,NULL,NULL,NULL,NULL,NULL,NULL,NULL,NULL,NULL,NULL),(111,NULL,NULL,NULL,NULL,NULL,NULL,NULL,NULL,NULL,NULL,NULL,NULL,NULL,NULL,NULL,NULL,NULL,NULL,NULL,NULL),(112,NULL,NULL,NULL,NULL,NULL,NULL,NULL,NULL,NULL,NULL,NULL,NULL,NULL,NULL,NULL,NULL,NULL,NULL,NULL,NULL),(113,3,3,3,2,NULL,NULL,NULL,NULL,NULL,NULL,NULL,NULL,NULL,NULL,NULL,NULL,NULL,NULL,NULL,NULL),(114,3,1,1,2,NULL,NULL,NULL,NULL,NULL,NULL,NULL,NULL,NULL,NULL,NULL,NULL,NULL,NULL,NULL,NULL),(115,3,2,2,2,NULL,NULL,NULL,NULL,NULL,NULL,NULL,NULL,NULL,NULL,NULL,NULL,NULL,NULL,NULL,NULL),(116,3,1,1,2,NULL,NULL,NULL,NULL,NULL,NULL,NULL,NULL,NULL,NULL,NULL,NULL,NULL,NULL,NULL,NULL),(117,1,1,1,2,NULL,NULL,NULL,NULL,NULL,NULL,NULL,NULL,NULL,NULL,NULL,NULL,NULL,NULL,NULL,NULL),(118,3,1,NULL,NULL,NULL,NULL,NULL,NULL,NULL,NULL,NULL,NULL,NULL,NULL,NULL,NULL,NULL,NULL,NULL,NULL);
/*!40000 ALTER TABLE `gabarito` ENABLE KEYS */;
UNLOCK TABLES;

--
-- Table structure for table `grupo`
--

DROP TABLE IF EXISTS `grupo`;
/*!40101 SET @saved_cs_client     = @@character_set_client */;
/*!40101 SET character_set_client = utf8 */;
CREATE TABLE `grupo` (
  `CD_GRUPO` int(11) NOT NULL AUTO_INCREMENT,
  `RA_LIDER` int(11) NOT NULL,
  `EMAIL_GRUPO` varchar(255) DEFAULT NULL,
  `CARACTERIZADO` int(11) DEFAULT NULL,
  `PONTUACAO` int(11) DEFAULT NULL,
  `CD_AGRUPAMENTO` int(11) DEFAULT NULL,
  `CD_GAB` int(11) DEFAULT NULL,
  `CD_PC` int(11) DEFAULT NULL,
  `NM_LIDER` varchar(255) DEFAULT NULL,
  `NM_GRUPO` varchar(255) DEFAULT NULL,
  PRIMARY KEY (`CD_GRUPO`)
) ENGINE=MyISAM AUTO_INCREMENT=2 DEFAULT CHARSET=latin1;
/*!40101 SET character_set_client = @saved_cs_client */;

--
-- Dumping data for table `grupo`
--

LOCK TABLES `grupo` WRITE;
/*!40000 ALTER TABLE `grupo` DISABLE KEYS */;
INSERT INTO `grupo` VALUES (1,123,'bla',0,14,1,0,1,'bla','sad');
/*!40000 ALTER TABLE `grupo` ENABLE KEYS */;
UNLOCK TABLES;

--
-- Table structure for table `pont_controle`
--

DROP TABLE IF EXISTS `pont_controle`;
/*!40101 SET @saved_cs_client     = @@character_set_client */;
/*!40101 SET character_set_client = utf8 */;
CREATE TABLE `pont_controle` (
  `CD_PC` int(11) NOT NULL,
  `QTD_QUESTAO` int(11) DEFAULT NULL,
  `NM_POSTO` varchar(255) DEFAULT NULL,
  PRIMARY KEY (`CD_PC`)
) ENGINE=MyISAM DEFAULT CHARSET=latin1;
/*!40101 SET character_set_client = @saved_cs_client */;

--
-- Dumping data for table `pont_controle`
--

LOCK TABLES `pont_controle` WRITE;
/*!40000 ALTER TABLE `pont_controle` DISABLE KEYS */;
INSERT INTO `pont_controle` VALUES (1,NULL,'Estados Unidos'),(2,NULL,'Suiça'),(3,NULL,'Australia'),(4,NULL,'Alemanha'),(5,NULL,'Brasil'),(0,NULL,'');
/*!40000 ALTER TABLE `pont_controle` ENABLE KEYS */;
UNLOCK TABLES;

--
-- Table structure for table `questoes`
--

DROP TABLE IF EXISTS `questoes`;
/*!40101 SET @saved_cs_client     = @@character_set_client */;
/*!40101 SET character_set_client = utf8 */;
CREATE TABLE `questoes` (
  `CD_QUEST` int(11) NOT NULL,
  `perg_quest` text,
  `R1_QUEST` varchar(255) DEFAULT NULL,
  `R2_QUEST` varchar(255) DEFAULT NULL,
  `R3_QUEST` varchar(255) DEFAULT NULL,
  `R4_QUEST` varchar(255) DEFAULT NULL,
  `R5_QUEST` varchar(255) DEFAULT NULL,
  `RESP_CORRETA` int(11) DEFAULT NULL,
  `IMAGEM` int(11) DEFAULT NULL,
  `CD_PC` int(11) DEFAULT NULL,
  PRIMARY KEY (`CD_QUEST`)
) ENGINE=MyISAM DEFAULT CHARSET=latin1;
/*!40101 SET character_set_client = @saved_cs_client */;

--
-- Dumping data for table `questoes`
--

LOCK TABLES `questoes` WRITE;
/*!40000 ALTER TABLE `questoes` DISABLE KEYS */;
INSERT INTO `questoes` VALUES (1,'Quem descobriu o Brasil','Lucas Magesky	','Cristovão Colombo','Pedro Alvares Cabral','Chimbinha','Nenhuma das alternativas',3,0,1),(2,'Ano da Proclamação da República no Brasil?','1889','1880	','2017	','1900','Nenhuma das alternativas',1,0,1),(3,'Quem inventou a lâmpada?','Thomas Edson	','Lucas Magesky	','Os SadBoys','João','Nenhuma das anteriores',1,0,1),(4,'Foi introduzido na agricultura brasileira em 1727, sendo uma bebida muito apreciada.','Coca-Cola	','Café','Chá','Suco de Maracuja','Todas as Alternativas',2,0,1),(5,'O prêmio de um concurso é dividido igualmente entre os ganhadores. Há duas semanas foram 20 os ganhadores, cabendo a cada um a quantia de R$ 625,00. No concurso seguinte, há uma semana, o prêmio total havia aumentado em 30%. No entanto, nesse concurso, a quantidade de ganhadores aumentou em 60%. A diferença, em reais, entre o que um dos ganhadores do concurso que ocorreu há duas semanas recebeu e o que recebeu um dos ganhadores do concurso seguinte é igual a:','R$ 729,16','R$ 117,19','R$ 720,00','R$ 250,05','R$ 1111,11',2,0,2),(6,'Em um grupo de 40 profissionais, todos são da área de tecnologia da informação ou engenheiros. A quantidade daqueles que são somente tecnologia da informação é o dobro da quantidade dos que são somente engenheiros. Dez desses profissionais são tecnologia da informação e também engenheiros.\r\n\r\nAssinale a opção que indica o número de engenheiros desse grupo.','10','5','8','20','Nenhuma das Alternativas',1,0,2),(7,'Três amigos vão viajar para Espanha, França e Alemanha. Um deles é loiro, outro é moreno e o outro é ruivo. O agente de viagens sabe que um deles se chama Roberto, outro se chama Júlio e a outro se chama Samuel. Ao agente de viagens, que queria identificar o nome e o destino de cada um, eles deram as seguintes informações:\r\n\r\nO loiro: \"Não vou à França nem à Espanha\".\r\nO moreno: \"Meu nome não é Júlio nem Samuel \".\r\nO ruivo: \"Nem eu nem Júlio vamos à França\".\r\n\r\nO agente de viagens concluiu, então, acertadamente, que:','O ruivo é Samuel e vai à França.','O loiro é Samuel e vai à Espanha.','O loiro é Júlio e vai à Alemanha.','O ruivo é Roberto e vai à Espanha.','Todas Alternativa',3,0,2),(8,'A empresa de Gabriela possui 250 funcionários. Uma pesquisa interna recente mostrou que 160 funcionários gostam do menu A do refeitório e 190 funcionários gostam do menu B. Se pelo menos 50 funcionários não gostam nem do A e nem do B, então o número de funcionários que gostam de ambos é:\r\n\r\nEscolha uma:','50','125','100','175','150',5,0,2),(9,'A iniciativa do presidente americano Donald Trump de construir um muro na fronteira entre EUA e México:','A construção do muro vai gerar postos de trabalho aos imigrantes mexicanos.','A ONU aprovou a medida porque não causa impacto aos refugiados.','A jurisdição do Alto Comissariado da ONU para os Refugiados (ACNUR), engloba apenas o continente europeu.','O muro protegerá o território mexicano de cidadãos americanos que tentam entrar ilegalmente em seu território.','Gerou preocupação no Alto Comissariado da ONU para os Refugiados (ACNUR), porque afetam as pessoas que procuram refúgio nos Estados Unidos.',2,0,3),(10,'13. O Brasil é um país continental e se destaca pela grande variedade e riqueza do meio ambiente natural. Considerando:\r\n\r\nI. Os manguezais, em toda a sua extensão.\r\nII. As áreas em altitude superior a 1.800 metros, qualquer que seja a vegetação.\r\nIII. As áreas no entorno dos lagos e lagoas naturais, em faixa com largura mínima de 20 metros, em zonas urbanas.\r\nIV. As áreas no entorno das nascentes e dos olhos d’água perenes, qualquer que seja sua situação topográfica, no raio mínimo de 50 metros.\r\n\r\nSão áreas de preservação permanente as indicadas APENAS em','I, IV.','I,II','I, II e IV.','III,IV','I,II,III,IV',3,0,3),(11,'Os objetivos do Estatuto da Cidade visam promover:\r\n\r\nI reforma urbana.\r\nII especulação imobiliária.\r\nIII ordenação do uso e ocupação do solo urbano.\r\nIV gestão democrática da cidade.\r\nV instalação de equipamentos de controle de tráfego.\r\nVI diminuição da densidade urbana.\r\n\r\nCom base nas diretrizes de política urbana do Estatuto da Cidade, estão certos apenas os itens:','II, III e IV.\r\n\r\n','I, III e IV.','II, IV e V.','I, III e V.','Nenhuma das Alternativas.',2,0,3),(12,'Quem descobriu a america','Cristovão Colombo	','Magesky	','Marcos Eduardo','Eder Vanderlei','Nenhuma das Alternativas',1,0,3),(13,'Num clube, dentre os 500 inscritos no departamento de natação, 30 são unicamente\r\nnadadores, entretento 310 também jogam futebol e 250 também jogam tênis. Os inscritos\r\nem natação que também praticam futebol e tenis são em número de:\r\n\r\n\r\n\r\n\r\n','a) 80','b) 90','c) 100','d) 110','e) 120',2,0,4),(15,'Em um grupo de pessoas, 32% tem idade entre 30 e 40 anos; 48% estão entre 41 e 50 anos;\r\ne os demais 20%, entre 51 e 60 anos.\r\nDos que têm de 30 a 40 anos, 30% praticam exercícios regularmente. Esse número sobe\r\npara 40% na faixa dos que estão entre 41 e 50 anos, mas só 22% daqueles que têm entre 51\r\ne 60 anos praticam exercícios regularmente.\r\nConsidere, agora, apenas as pessoas desse grupo que têm entre 30 e 50 anos. Nesta faixa\r\netária, as pessoas que fazem exercícios regularmente correspondem a\r\n\r\n','a) 27,2%','b) 34%','c) 33,2%\r\n\r\n','d) 36%','e)50%',2,0,4),(14,'Sejam A, B e C conjuntos com exatamente 4 elementos cada um e, sabendo-se que A?B?C,\r\nA?B, A?C e B?C tem, respectivamente, 7, 3, 2 e 1 elementos, então o número de\r\nelementos de (A?B)?C é igual a\r\n\r\n','a) 5','b) 8\r\n\r\n','c) 6','d) 7','e) 4',3,0,4),(16,'Foi consultado um certo número de pessoas sobre as emissoras de TV que habitualmente\r\nassistem. Obteve-se o resultado seguinte: 300 pessoas assistem ao canal A, 270 assistem ao\r\ncanal B, das quais 150 assistem ambos os canais A e B e 80 assistem outros canais distintos\r\nde A e B. O número de pessoas consultadas é:\r\n\r\n\r\n\r\n','a) 800','b) 720\r\n','c) 570','d) 500','e) 600',4,0,4),(17,'Dado o conjunto {a, b, c, d, e, f, g} o número máximo de subconjuntos distintos é:\r\n','a) 21\r\n','b) 128\r\n\r\n','c) 64','d) 158','e) nenhuma dessas',3,0,5),(18,'Num grupo de 2000 adultos, apenas 20% são portadores do vírus da hepatite B. Os homens\r\ndesse grupo são exatamente 30% do total e apenas 10% das mulheres apresentam o vírus.\r\nO número total de homens desse grupo que não apresenta o vírus é, exatamente,\r\n\r\n','a) 140\r\n','b) 260','c) 340','d) 400\r\n','e) 600',3,0,5),(19,'Em um cubo, a quantidade de conjuntos distintos formados por duas arestas paralelas é\r\nigual a:\r\n','a) 6\r\n\r\n','b) 8\r\n','c) 12','d) 18 ','e)25',4,0,5),(20,'Sendo A = {2, 3, 5, 6, 9, 13} e B = {ab\r\n| a ? A, b ? A e a ? b} o número de elementos de B que\r\nsão números pares é\r\n\r\n\r\n','a) 5\r\n','b) 8','c) 10','d) 12','e) 13',3,0,5);
/*!40000 ALTER TABLE `questoes` ENABLE KEYS */;
UNLOCK TABLES;

--
-- Table structure for table `senhas`
--

DROP TABLE IF EXISTS `senhas`;
/*!40101 SET @saved_cs_client     = @@character_set_client */;
/*!40101 SET character_set_client = utf8 */;
CREATE TABLE `senhas` (
  `CD_SENHA` int(11) NOT NULL,
  `USUARIO` varchar(255) DEFAULT NULL,
  `SENHA_ADM` varchar(255) DEFAULT NULL,
  `SENHA_F1` varchar(255) DEFAULT NULL,
  `SENHA_F2` varchar(255) DEFAULT NULL,
  `SENHA_P1` varchar(255) DEFAULT NULL,
  `SENHA_P2` varchar(255) DEFAULT NULL,
  `SENHA_P3` varchar(255) DEFAULT NULL,
  `SENHA_P4` varchar(255) DEFAULT NULL,
  `SENHA_P5` varchar(255) DEFAULT NULL,
  PRIMARY KEY (`CD_SENHA`)
) ENGINE=MyISAM DEFAULT CHARSET=latin1;
/*!40101 SET character_set_client = @saved_cs_client */;

--
-- Dumping data for table `senhas`
--

LOCK TABLES `senhas` WRITE;
/*!40000 ALTER TABLE `senhas` DISABLE KEYS */;
INSERT INTO `senhas` VALUES (1,'admin','admin','Fase1','Fase2','111','222','333','444','555');
/*!40000 ALTER TABLE `senhas` ENABLE KEYS */;
UNLOCK TABLES;
/*!40103 SET TIME_ZONE=@OLD_TIME_ZONE */;

/*!40101 SET SQL_MODE=@OLD_SQL_MODE */;
/*!40014 SET FOREIGN_KEY_CHECKS=@OLD_FOREIGN_KEY_CHECKS */;
/*!40014 SET UNIQUE_CHECKS=@OLD_UNIQUE_CHECKS */;
/*!40101 SET CHARACTER_SET_CLIENT=@OLD_CHARACTER_SET_CLIENT */;
/*!40101 SET CHARACTER_SET_RESULTS=@OLD_CHARACTER_SET_RESULTS */;
/*!40101 SET COLLATION_CONNECTION=@OLD_COLLATION_CONNECTION */;
/*!40111 SET SQL_NOTES=@OLD_SQL_NOTES */;

-- Dump completed on 2017-11-16 10:17:11
